selfkoc_url,selfkoc_production
https://www.tiktok.com/@luckyybvswewc?_t=ZP-8um7BZznANy&_r=1,c20
https://www.tiktok.com/@daisywilson6?_t=ZT-8um7BoZqXjq&_r=1,c20
https://www.tiktok.com/@jacekdrz?_t=ZT-8um7Ap8clZ8&_r=1,
https://www.tiktok.com/@smithluiio?_t=ZP-8um7CGfIApS&_r=1,
https://www.tiktok.com/@johnsturgis6?_t=ZP-8um7Cg6MPJm&_r=1,c20
https://www.tiktok.com/@joelsoares081?_t=ZP-8ulG0JhIQb0&_r=1,c20
https://www.tiktok.com/@annabwlxgie?_t=ZP-8ulFzOpZrtW&_r=1,c20
https://www.tiktok.com/@nikiaten07?_t=ZT-8ulFyW1Joxa&_r=1,c20
https://www.tiktok.com/@kevinpotter66?_t=ZT-8uNTFw32C3a&_r=1,c20
https://www.tiktok.com/@jasonken66?_t=ZP-8uNTFPIN1yA&_r=1,c20
https://www.tiktok.com/@marvinslade3?_t=ZT-8uNTGxv5IQF&_r=1,c20
https://www.tiktok.com/@yummyslifeee?_t=ZP-8vaI0OqtILv&_r=1,
https://www.tiktok.com/@winds1255?_t=ZT-8vaHzGCRzIs&_r=1,
https://www.tiktok.com/@tears0093?_t=ZP-8vaI1UrGBAs&_r=1,
https://www.tiktok.com/@balledjyoj9?_t=ZT-8vb1wiEh3TK&_r=1,
https://www.tiktok.com/@ovoo2112?_t=ZP-8vb1yTck5Xy&_r=1,
https://www.tiktok.com/@koily121?_t=ZP-8vb1xTyNsly&_r=1,
https://www.tiktok.com/@sherice396?_t=ZT-8vgXgUgxUNO&_r=1,eufy-摄像
https://www.tiktok.com/@mariawezjg1?_t=ZT-8vgXcdkzjp5&_r=1,eufy-摄像
https://www.tiktok.com/@uhefipnkybw?_t=ZT-8vgX8LFuskU&_r=1,eufy-摄像
https://www.tiktok.com/@ansimey?_t=ZP-8vgXPv1Mpx9&_r=1,eufy-摄像
https://www.tiktok.com/@suuuuupoido,
https://www.tiktok.com/@suuupoido,
https://www.tiktok.com/@yummyslifeee,
https://www.tiktok.com/@leosterling66,